{
  "classification": {
    "0": {
      "precision": 0.9999708263438115,
      "recall": 0.9985870356882739,
      "f1-score": 0.9992784519514595,
      "support": 68650.0
    },
    "1": {
      "precision": 0.19834710743801653,
      "recall": 0.9230769230769231,
      "f1-score": 0.32653061224489793,
      "support": 26.0
    },
    "accuracy": 0.9985584483662415,
    "macro avg": {
      "precision": 0.5991589668909141,
      "recall": 0.9608319793825986,
      "f1-score": 0.6629045320981787,
      "support": 68676.0
    },
    "weighted avg": {
      "precision": 0.9996673401668129,
      "recall": 0.9985584483662415,
      "f1-score": 0.9990237568056681,
      "support": 68676.0
    }
  },
  "auroc": 0.9996627262031486
}