{
  "0": {
    "precision": 0.8214195183776933,
    "recall": 0.4347038701455497,
    "f1-score": 0.5685337076187552,
    "support": 14909.0
  },
  "1": {
    "precision": 0.40675431491058633,
    "recall": 0.9411764705882353,
    "f1-score": 0.5680226234500761,
    "support": 6936.0
  },
  "2": {
    "precision": 0.5008380473496753,
    "recall": 0.41073883161512026,
    "f1-score": 0.45133578778438593,
    "support": 11640.0
  },
  "accuracy": 0.531282663879349,
  "macro avg": {
    "precision": 0.576337293545985,
    "recall": 0.5955397241163017,
    "f1-score": 0.5292973729510725,
    "support": 33485.0
  },
  "weighted avg": {
    "precision": 0.6240867970393633,
    "recall": 0.531282663879349,
    "f1-score": 0.527687696967239,
    "support": 33485.0
  }
}