{
  "0": {
    "precision": 0.6935039688968087,
    "recall": 0.5742839895365216,
    "f1-score": 0.6282883874518437,
    "support": 14909.0
  },
  "1": {
    "precision": 0.35813533834586464,
    "recall": 0.8584198385236448,
    "f1-score": 0.5054114850812784,
    "support": 6936.0
  },
  "2": {
    "precision": 0.5217102348249889,
    "recall": 0.20231958762886598,
    "f1-score": 0.2915686517271264,
    "support": 11640.0
  },
  "accuracy": 0.5038375391966552,
  "macro avg": {
    "precision": 0.5244498473558874,
    "recall": 0.5450078052296774,
    "f1-score": 0.4750895080867495,
    "support": 33485.0
  },
  "weighted avg": {
    "precision": 0.5643178889775216,
    "recall": 0.5038375391966552,
    "f1-score": 0.4857860156830532,
    "support": 33485.0
  }
}