{
  "report": {
    "0": {
      "precision": 0.7995969096405777,
      "recall": 0.7983097457911329,
      "f1-score": 0.7989528092904612,
      "support": 14909.0
    },
    "1": {
      "precision": 0.9218209492182095,
      "recall": 0.9604959630911188,
      "f1-score": 0.94076113817694,
      "support": 6936.0
    },
    "2": {
      "precision": 0.7540666490811572,
      "recall": 0.7367697594501719,
      "f1-score": 0.745317863816104,
      "support": 11640.0
    },
    "accuracy": 0.8105121696281917,
    "macro avg": {
      "precision": 0.825161502646648,
      "recall": 0.8318584894441412,
      "f1-score": 0.8283439370945017,
      "support": 33485.0
    },
    "weighted avg": {
      "precision": 0.8090869411651052,
      "recall": 0.8105121696281917,
      "f1-score": 0.8096821449283617,
      "support": 33485.0
    }
  },
  "metrics": {
    "balanced_accuracy": 0.8318584894441412,
    "auroc_per_class": [
      0.901615401957058,
      0.9931652026157114,
      0.8998489455150667
    ]
  }
}